{"cameraMode":{"drawMode":0,"name":"Shaded","section":"Shading Mode"},"sceneLighting":false,"audioPlay":false,"sceneViewState":{"showFog":true,"showMaterialUpdate":false,"showSkybox":true,"showFlares":true,"showImageEffects":true,"showParticleSystems":true},"in2DMode":false,"pivot":{"x":1.929814338684082,"y":-13.559724807739258,"z":28.554824829101564},"rotation":{"x":-0.19373859465122224,"y":-0.1328694075345993,"z":0.0264927688986063,"w":-0.9716532826423645},"size":35.03704833984375,"orthographic":false}